Pre-move SKILL.md count: 792
MOVED: agent-infrastructure/agent-task-tracker -> agent-core/agent-task-tracker
MOVED: agent-infrastructure/anyone-proxy -> agent-core/anyone-proxy
MOVED: agent-infrastructure/autonomous-execution -> agent-orchestration/autonomous-execution
MOVED: agent-infrastructure/clawdhub-skill -> media-processing/clawdhub-skill
MOVED: agent-infrastructure/clawlist -> agent-core/clawlist
MOVED: agent-infrastructure/context-anchor -> agent-core/context-anchor
MOVED: agent-infrastructure/dgr -> agent-core/dgr
MOVED: agent-infrastructure/glin-profanity-mcp -> security-compliance/glin-profanity-mcp
MOVED: agent-infrastructure/hello-agent-world -> agent-core/hello-agent-world
MOVED: agent-infrastructure/hello-world -> agent-core/hello-world
MOVED: agent-infrastructure/ibt -> agent-core/ibt
MOVED: agent-infrastructure/interclaw -> agent-orchestration/interclaw
MOVED: agent-infrastructure/mcporter-skill -> integrations-connectors/mcporter-skill
MOVED: agent-infrastructure/memory-tiering -> agent-core/memory-tiering
MOVED: agent-infrastructure/mi-habilidad-nueva -> agent-core/mi-habilidad-nueva
MOVED: agent-infrastructure/recursive-self-improvement -> agent-core/recursive-self-improvement
MOVED: agent-infrastructure/shodh-local -> agent-core/shodh-local
MOVED: agent-infrastructure/task -> agent-core/task
MOVED: ai-agent-orchestration/a2a-hub -> agent-orchestration/a2a-hub
MOVED: ai-agent-orchestration/apoer-agent-guardrail -> security-compliance/apoer-agent-guardrail
MOVED: ai-agent-orchestration/aws-agentcore-langgraph -> agent-core/aws-agentcore-langgraph
MOVED: ai-agent-orchestration/brainstorming-2 -> agent-orchestration/brainstorming-2
MOVED: ai-agent-orchestration/context-aware-delegation -> agent-orchestration/context-aware-delegation
MOVED: ai-agent-orchestration/daily-oracle -> agent-orchestration/daily-oracle
MOVED: ai-agent-orchestration/delegation -> agent-orchestration/delegation
MOVED: ai-agent-orchestration/dynamic-model-selector -> agent-orchestration/dynamic-model-selector
MOVED: ai-agent-orchestration/kalibr -> agent-orchestration/kalibr
MOVED: ai-agent-orchestration/kimi-delegation-skill -> agent-orchestration/kimi-delegation-skill
MOVED: ai-agent-orchestration/kindroid-interact -> agent-orchestration/kindroid-interact
MOVED: ai-agent-orchestration/llm-supervisor -> agent-orchestration/llm-supervisor
MOVED: ai-agent-orchestration/lygo-champion-401lyrakin-voice-between -> agent-orchestration/lygo-champion-401lyrakin-voice-between
MOVED: ai-agent-orchestration/manipulation-detector -> agent-orchestration/manipulation-detector
MOVED: ai-agent-orchestration/rey-model-router -> agent-orchestration/rey-model-router
MOVED: ai-agent-orchestration/smart-spawn -> agent-orchestration/smart-spawn
MOVED: ai-agent-orchestration/ydc-claude-agent-sdk-integration -> agent-orchestration/ydc-claude-agent-sdk-integration
MOVED: ai-agent-orchestration/zero-trust -> security-compliance/zero-trust
MOVED: ai-media-generation/clonev -> media-generation/clonev
MOVED: ai-media-generation/comfyui-tts -> media-generation/comfyui-tts
MOVED: ai-media-generation/deepdub-tts -> media-generation/deepdub-tts
MOVED: ai-media-generation/fal -> media-generation/fal
MOVED: ai-media-generation/ffmpeg-cli -> media-generation/ffmpeg-cli
MOVED: ai-media-generation/ffmpeg-master -> media-processing/ffmpeg-master
MOVED: ai-media-generation/free-groq-voice -> media-processing/free-groq-voice
MOVED: ai-media-generation/gemini-image-remix -> media-generation/gemini-image-remix
MOVED: ai-media-generation/grok-image-cli -> media-generation/grok-image-cli
MOVED: ai-media-generation/image-and-video-generation-vydra -> media-generation/image-and-video-generation-vydra
MOVED: ai-media-generation/image-router -> agent-orchestration/image-router
MOVED: ai-media-generation/lb-pocket-tts-skill -> media-generation/lb-pocket-tts-skill
MOVED: ai-media-generation/livekit -> media-generation/livekit
MOVED: ai-media-generation/lunara-voice -> media-generation/lunara-voice
MOVED: ai-media-generation/mac-tts -> media-generation/mac-tts
MOVED: ai-media-generation/macos-local-voice -> media-generation/macos-local-voice
MOVED: ai-media-generation/parakeet-mlx -> media-processing/parakeet-mlx
MOVED: ai-media-generation/sarvam -> media-generation/sarvam
MOVED: ai-media-generation/say -> media-generation/say
MOVED: ai-media-generation/speechall-cli -> media-processing/speechall-cli
MOVED: ai-media-generation/table-image -> media-generation/table-image
MOVED: ai-media-generation/vision-sandbox -> devops-cloud/vision-sandbox
MOVED: ai-media-generation/vision-tagger -> media-generation/vision-tagger
MOVED: ai-media-generation/vlmrun-cli-skill -> media-generation/vlmrun-cli-skill
MOVED: ai-media-generation/whisper-transcribe -> agent-orchestration/whisper-transcribe
MOVED: ai-media-generation/yap -> media-processing/yap
MOVED: ai-media-generation/yollomi -> media-generation/yollomi
MOVED: automation/abm-outbound -> business-operations/abm-outbound
MOVED: automation/airtable-automation -> integrations-connectors/airtable-automation
MOVED: automation/apollo -> business-operations/apollo
MOVED: automation/basecamp-automation -> integrations-connectors/basecamp-automation
MOVED: automation/clawconnect -> integrations-connectors/clawconnect
MOVED: automation/cold-email -> content-publishing/cold-email
MOVED: automation/composio-connect -> integrations-connectors/composio-connect
MOVED: automation/cpc-mpqc-competence-tracker-compliance-uk -> productivity-personal/cpc-mpqc-competence-tracker-compliance-uk
MOVED: automation/customer-crm -> productivity-personal/customer-crm
MOVED: automation/dropshipping-mentor-nick-skill -> business-operations/dropshipping-mentor-nick-skill
MOVED: automation/finishing-a-development-branch -> productivity-personal/finishing-a-development-branch
MOVED: automation/human-negotiator -> content-publishing/human-negotiator
MOVED: automation/kakiyo -> data-analytics/kakiyo
MOVED: automation/pollclaw -> productivity-personal/pollclaw
MOVED: automation/quality-gate -> devops-cloud/quality-gate
MOVED: automation/reasoning-personas -> productivity-personal/reasoning-personas
MOVED: automation/receiving-code-review -> developer-tools/receiving-code-review
MOVED: automation/senior-dev -> agent-core/senior-dev
MOVED: automation/tokportal -> data-analytics/tokportal
MOVED: automation/verification-checkpoint -> agent-core/verification-checkpoint
MOVED: browser-automation/browser-use-local -> search-web/browser-use-local
MOVED: browser-automation/ddg -> agent-core/ddg
MOVED: browser-automation/ddg-web-search -> search-web/ddg-web-search
MOVED: browser-automation/exa -> search-web/exa
MOVED: browser-automation/exa-search -> search-web/exa-search
MOVED: business-data-integration/backup-gog-20260213-121122 -> integrations-connectors/backup-gog-20260213-121122
MOVED: business-data-integration/camino-journey -> travel-transport/camino-journey
MOVED: business-data-integration/clawdiligence -> finance-markets/clawdiligence
MOVED: business-data-integration/gog-jasmine -> integrations-connectors/gog-jasmine
MOVED: business-data-integration/intelligence-suite -> data-analytics/intelligence-suite
MOVED: business-data-integration/intomd -> media-processing/intomd
MOVED: business-data-integration/karakeep -> business-operations/karakeep
MOVED: business-data-integration/m365-pnp-cli -> integrations-connectors/m365-pnp-cli
MOVED: business-data-integration/noopolis -> business-operations/noopolis
MOVED: business-data-integration/office-secretary -> productivity-personal/office-secretary
MOVED: business-data-integration/pubmed2blog -> content-publishing/pubmed2blog
MOVED: business-data-integration/samsung-health -> productivity-personal/samsung-health
MOVED: business-data-integration/seo-autopilot -> content-publishing/seo-autopilot
MOVED: business-data-integration/vivid-business-account-opening -> business-operations/vivid-business-account-opening
MOVED: business-integration/clawpify -> business-operations/clawpify
MOVED: business-integration/hylo-ghl -> business-operations/hylo-ghl
MOVED: business-integration/karakeep-sh -> business-operations/karakeep-sh
MOVED: business-integration/ourproject-openclaw-skill -> business-operations/ourproject-openclaw-skill
MOVED: business-integration/pamela-call -> business-operations/pamela-call
MOVED: business-integration/product-marketing-context -> business-operations/product-marketing-context
MOVED: business-integration/productboard-search -> business-operations/productboard-search
MOVED: business-integration/property-search -> travel-transport/property-search
MOVED: business-integration/research-idea -> knowledge-research/research-idea
MOVED: business-integration/researchassistant -> knowledge-research/researchassistant
MOVED: business-integration/saas-orchestrator -> agent-orchestration/saas-orchestrator
MOVED: business-integration/saas-worker -> data-analytics/saas-worker
MOVED: business-integration/salesforce-dx -> business-operations/salesforce-dx
MOVED: business-integration/salesforce-sdr-admin -> business-operations/salesforce-sdr-admin
MOVED: business-integration/talkspresso -> productivity-personal/talkspresso
MOVED: business-integration/wooclaw-lite -> business-operations/wooclaw-lite
MOVED: cloud-network/aliyun-oss-upload -> devops-cloud/aliyun-oss-upload
MOVED: cloud-network/host-ping-detect -> devops-cloud/host-ping-detect
MOVED: cloud-network/mfa-word -> security-compliance/mfa-word
MOVED: cloud-network/say-xiaoai -> devops-cloud/say-xiaoai
MOVED: cloud-network/sparkle-vpn -> devops-cloud/sparkle-vpn
MOVED: cloud-network/win-mouse-native -> knowledge-research/win-mouse-native
MOVED: communication-email/ai-conversation-summary -> agent-core/ai-conversation-summary
MOVED: communication-email/chat-conversation-summary -> agent-core/chat-conversation-summary
MOVED: communication-email/dada-conv-summary -> agent-core/dada-conv-summary
MOVED: communication-email/dada-conversation-summary -> agent-core/dada-conversation-summary
MOVED: communication-email/elevenlabs-transcribe -> media-processing/elevenlabs-transcribe
MOVED: communication-email/gmail-client -> communication-messaging/gmail-client
MOVED: communication-email/himalaya -> communication-messaging/himalaya
MOVED: communication-email/himalaya-cli -> communication-messaging/himalaya-cli
MOVED: communication-email/meetgeek -> communication-messaging/meetgeek
MOVED: communication/avatar -> media-generation/avatar
MOVED: communication/cma-email -> communication-messaging/cma-email
MOVED: communication/communication-mqtt -> communication-messaging/communication-mqtt
MOVED: communication/custom-smtp-sender -> communication-messaging/custom-smtp-sender
MOVED: communication/discord-chat -> communication-messaging/discord-chat
MOVED: communication/dm-bot -> communication-messaging/dm-bot
MOVED: communication/feishu-leave-request -> communication-messaging/feishu-leave-request
MOVED: communication/flomo-notes -> communication-messaging/flomo-notes
MOVED: communication/gog-html-email -> communication-messaging/gog-html-email
MOVED: communication/gowa -> communication-messaging/gowa
MOVED: communication/humanize-zh -> communication-messaging/humanize-zh
MOVED: communication/imap-email -> communication-messaging/imap-email
MOVED: communication/imap-smtp-email -> communication-messaging/imap-smtp-email
MOVED: communication/juejin-article-trends -> communication-messaging/juejin-article-trends
MOVED: communication/katok -> communication-messaging/katok
MOVED: communication/lark-bot-listener -> communication-messaging/lark-bot-listener
MOVED: communication/lark-custom-bot -> communication-messaging/lark-custom-bot
MOVED: communication/liveavatar -> media-generation/liveavatar
MOVED: communication/localsend -> communication-messaging/localsend
MOVED: communication/mailchannels -> communication-messaging/mailchannels
MOVED: communication/news-summary -> knowledge-research/news-summary
MOVED: communication/ocft -> communication-messaging/ocft
MOVED: communication/olvid-channel -> communication-messaging/olvid-channel
MOVED: communication/openclaw-skills-newsboat -> knowledge-research/openclaw-skills-newsboat
MOVED: communication/outlook-email -> communication-messaging/outlook-email
MOVED: communication/pamela-calls -> business-operations/pamela-calls
MOVED: communication/pocketalert -> communication-messaging/pocketalert
MOVED: communication/protonmail -> communication-messaging/protonmail
MOVED: communication/remindme -> communication-messaging/remindme
MOVED: communication/send-email -> communication-messaging/send-email
MOVED: communication/send-email-2 -> communication-messaging/send-email-2
MOVED: communication/signal-cli -> communication-messaging/signal-cli
MOVED: communication/signl4 -> communication-messaging/signl4
MOVED: communication/style-polisher -> communication-messaging/style-polisher
MOVED: communication/tamil-whatsapp -> communication-messaging/tamil-whatsapp
MOVED: communication/telegram-ascii-table -> communication-messaging/telegram-ascii-table
MOVED: communication/teltel-send-sms-text-message -> communication-messaging/teltel-send-sms-text-message
MOVED: communication/temp-mail -> communication-messaging/temp-mail
MOVED: communication/tt -> communication-messaging/tt
MOVED: communication/vexa -> media-processing/vexa
MOVED: communication/wechat-article-search -> communication-messaging/wechat-article-search
MOVED: communication/whats -> communication-messaging/whats
MOVED: communication/whatsmolt -> content-publishing/whatsmolt
MOVED: communication/whisper -> agent-orchestration/whisper
MOVED: communication/whiss -> communication-messaging/whiss
MOVED: communication/zulip -> communication-messaging/zulip
MOVED: content-media/auteng-docs-curl-publish -> content-publishing/auteng-docs-curl-publish
MOVED: content-media/bilibili-update-viewer -> knowledge-research/bilibili-update-viewer
MOVED: content-media/cctv-news-fetcher -> knowledge-research/cctv-news-fetcher
MOVED: content-media/daily-dxc-briefing -> knowledge-research/daily-dxc-briefing
MOVED: content-media/daily-news -> knowledge-research/daily-news
MOVED: content-media/deepread -> media-processing/deepread
MOVED: content-media/markdown-publish-share -> content-publishing/markdown-publish-share
MOVED: content-media/moltbook-cli-tool -> content-publishing/moltbook-cli-tool
MOVED: content-media/pandoc-convert-openclaw -> media-processing/pandoc-convert-openclaw
MOVED: content-media/paper-parse -> knowledge-research/paper-parse
MOVED: content-media/ppt-generator -> media-generation/ppt-generator
MOVED: content-media/ralph-loop-writer -> developer-tools/ralph-loop-writer
MOVED: content-media/resume-builder -> content-publishing/resume-builder
MOVED: content-media/slidespeak -> media-generation/slidespeak
MOVED: content-media/solobuddy -> content-publishing/solobuddy
MOVED: content-media/test-materials -> developer-tools/test-materials
MOVED: content-media/toutiao-news-trends -> knowledge-research/toutiao-news-trends
MOVED: content-media/zerox -> media-processing/zerox
MOVED: content-social/agent-voice -> content-publishing/agent-voice
MOVED: content-social/baoyu-post-to-x -> content-publishing/baoyu-post-to-x
MOVED: content-social/bot-debate -> content-publishing/bot-debate
MOVED: content-social/botmadang -> content-publishing/botmadang
MOVED: content-social/chaterimo-openclaw-skill -> communication-messaging/chaterimo-openclaw-skill
MOVED: content-social/chirp -> browser-automation/chirp
MOVED: content-social/clawdbites -> media-processing/clawdbites
MOVED: content-social/clawstin -> content-publishing/clawstin
MOVED: content-social/coconala-seller -> content-publishing/coconala-seller
MOVED: content-social/email-marketing-copy -> communication-messaging/email-marketing-copy
MOVED: content-social/giphy -> communication-messaging/giphy
MOVED: content-social/hotmention -> content-publishing/hotmention
MOVED: content-social/instaclaw -> media-generation/instaclaw
MOVED: content-social/instagram-poster -> browser-automation/instagram-poster
MOVED: content-social/instapaper -> content-publishing/instapaper
MOVED: content-social/job-description -> content-publishing/job-description
MOVED: content-social/klawdin -> content-publishing/klawdin
MOVED: content-social/korean-claw -> content-publishing/korean-claw
MOVED: content-social/linkedin-automation -> content-publishing/linkedin-automation
MOVED: content-social/linkedin-scraper -> content-publishing/linkedin-scraper
MOVED: content-social/nonopost -> content-publishing/nonopost
MOVED: content-social/opentweet-x-poster -> content-publishing/opentweet-x-poster
MOVED: content-social/postfast -> content-publishing/postfast
MOVED: content-social/prompt-seller -> travel-transport/prompt-seller
MOVED: content-social/resume-optimizer -> media-processing/resume-optimizer
MOVED: content-social/twitter -> content-publishing/twitter
MOVED: content-social/wechat-publisher -> communication-messaging/wechat-publisher
MOVED: content-social/x-post-automation -> content-publishing/x-post-automation
MOVED: content-social/x-timeline-digest -> content-publishing/x-timeline-digest
MOVED: content-social/x-trends-dev -> content-publishing/x-trends-dev
MOVED: content-social/xai-search -> search-web/xai-search
MOVED: content-social/xbio -> content-publishing/xbio
MOVED: content-social/xiaohongshu-publisher -> browser-automation/xiaohongshu-publisher
MOVED: data-analytics/sg-property-scraper -> travel-transport/sg-property-scraper
MOVED: data-integration/ai-news-collectors -> knowledge-research/ai-news-collectors
MOVED: data-integration/auto-updater -> devops-cloud/auto-updater
MOVED: data-integration/deepread-ocr -> media-processing/deepread-ocr
MOVED: data-integration/download-tools -> media-processing/download-tools
MOVED: data-integration/find-products -> business-operations/find-products
MOVED: data-integration/gonggong-hwpxskills-main -> media-processing/gonggong-hwpxskills-main
MOVED: data-integration/mixlab-solo-scope -> knowledge-research/mixlab-solo-scope
MOVED: data-integration/ofdreader -> media-processing/ofdreader
MOVED: data-integration/pdftk-server -> media-processing/pdftk-server
MOVED: data-integration/priceworld -> business-operations/priceworld
MOVED: data-integration/telecom-agent-skill -> communication-messaging/telecom-agent-skill
MOVED: data-integration/turkey-news -> knowledge-research/turkey-news
MOVED: data-integration/update -> devops-cloud/update
MOVED: data-integration/x-hot-topics-daily -> knowledge-research/x-hot-topics-daily
MOVED: developer-tools/content-moderation -> security-compliance/content-moderation
MOVED: developer-tools/conversation-summary-api -> agent-core/conversation-summary-api
MOVED: developer-tools/data-reconciliation-exceptions -> data-analytics/data-reconciliation-exceptions
MOVED: developer-tools/guardskills -> security-compliance/guardskills
MOVED: developer-tools/install-scientify -> knowledge-research/install-scientify
MOVED: developer-tools/minimax-mcp -> integrations-connectors/minimax-mcp
MOVED: developer-tools/moltcheck -> security-compliance/moltcheck
MOVED: developer-tools/prompt-injection-guard -> security-compliance/prompt-injection-guard
MOVED: developer-tools/record -> media-generation/record
MOVED: developer-tools/skill-cleaner -> security-compliance/skill-cleaner
MOVED: developer-tools/ui-ux-pro-max-plus -> data-analytics/ui-ux-pro-max-plus
MOVED: development-system-tools/clawdbot-filesystem -> developer-tools/clawdbot-filesystem
MOVED: development-system-tools/clawdbot-security-suite -> security-compliance/clawdbot-security-suite
MOVED: development-system-tools/dht11-temp -> developer-tools/dht11-temp
MOVED: development-system-tools/filesystem -> developer-tools/filesystem
MOVED: development-system-tools/gopass -> developer-tools/gopass
MOVED: development-system-tools/let-me-know -> communication-messaging/let-me-know
MOVED: development-system-tools/parallel-task-executor -> developer-tools/parallel-task-executor
MOVED: development-system-tools/vibetunnel -> data-analytics/vibetunnel
MOVED: development-workflows/claude-tmux-runner -> agent-core/claude-tmux-runner
MOVED: development-workflows/claude-usage-checker -> developer-tools/claude-usage-checker
MOVED: development-workflows/clrun -> developer-tools/clrun
MOVED: development-workflows/coder -> developer-tools/coder
MOVED: development-workflows/cursor-cli-headless -> agent-orchestration/cursor-cli-headless
MOVED: development-workflows/evolve -> security-compliance/evolve
MOVED: development-workflows/foundry -> knowledge-research/foundry
MOVED: development-workflows/freeride-opencode -> agent-orchestration/freeride-opencode
MOVED: development-workflows/git-pushing -> developer-tools/git-pushing
MOVED: development-workflows/gitflow -> devops-cloud/gitflow
MOVED: development-workflows/github-issue-creator -> developer-tools/github-issue-creator
MOVED: development-workflows/go-security-vulnerability -> security-compliance/go-security-vulnerability
MOVED: development-workflows/gov-apply -> developer-tools/gov-apply
MOVED: development-workflows/iam -> developer-tools/iam
MOVED: development-workflows/opencode-controller -> agent-orchestration/opencode-controller
MOVED: development-workflows/pr-commit-workflow -> developer-tools/pr-commit-workflow
MOVED: development-workflows/pr-review-loop -> developer-tools/pr-review-loop
MOVED: development-workflows/schema-markup-generator -> content-publishing/schema-markup-generator
MOVED: development-workflows/securevibes-scanner -> security-compliance/securevibes-scanner
MOVED: development-workflows/skill-doctorbot-ci-validator -> knowledge-research/skill-doctorbot-ci-validator
MOVED: development-workflows/snek -> developer-tools/snek
MOVED: development-workflows/uv-priority -> developer-tools/uv-priority
MOVED: development-workflows/vhs-recorder -> developer-tools/vhs-recorder
MOVED: devops-infrastructure/astra-docker -> devops-cloud/astra-docker
MOVED: devops-infrastructure/awscli -> devops-cloud/awscli
MOVED: devops-infrastructure/bun-runtime -> devops-cloud/bun-runtime
MOVED: devops-infrastructure/clawdbot-macos-build -> developer-tools/clawdbot-macos-build
MOVED: devops-infrastructure/cloudmonkey -> devops-cloud/cloudmonkey
MOVED: devops-infrastructure/deterministic-controller -> agent-core/deterministic-controller
MOVED: devops-infrastructure/docker-essentials-1-0-0 -> media-generation/docker-essentials-1-0-0
MOVED: devops-infrastructure/git-crypt-backup -> devops-cloud/git-crypt-backup
MOVED: devops-infrastructure/godaddy -> devops-cloud/godaddy
MOVED: devops-infrastructure/k8s-backup -> devops-cloud/k8s-backup
MOVED: devops-infrastructure/k8s-certs -> devops-cloud/k8s-certs
MOVED: devops-infrastructure/lybic-sandbox -> devops-cloud/lybic-sandbox
MOVED: devops-infrastructure/mcp-ssh-manager -> devops-cloud/mcp-ssh-manager
MOVED: devops-infrastructure/n8n-automation -> devops-cloud/n8n-automation
MOVED: devops-infrastructure/omarchy -> security-compliance/omarchy
MOVED: devops-infrastructure/openclaw-auto-updater -> devops-cloud/openclaw-auto-updater
MOVED: devops-infrastructure/openclaw-server-secure-skill -> security-compliance/openclaw-server-secure-skill
MOVED: devops-infrastructure/openclaw-update -> devops-cloud/openclaw-update
MOVED: devops-infrastructure/openclaw-update-skill -> devops-cloud/openclaw-update-skill
MOVED: devops-infrastructure/openclaw-updater-v2 -> devops-cloud/openclaw-updater-v2
MOVED: devops-infrastructure/openclaw-workspace-governance-installer -> devops-cloud/openclaw-workspace-governance-installer
MOVED: devops-infrastructure/proxymock -> devops-cloud/proxymock
MOVED: devops-infrastructure/railway-deploy -> travel-transport/railway-deploy
MOVED: devops-infrastructure/saas-builder -> data-analytics/saas-builder
MOVED: devops-infrastructure/sandboxer-tmux -> devops-cloud/sandboxer-tmux
MOVED: devops-infrastructure/sys-updater -> devops-cloud/sys-updater
MOVED: devops-infrastructure/tencentcloud-lighthouse-skill -> integrations-connectors/tencentcloud-lighthouse-skill
MOVED: devops-infrastructure/toolguard-daemon-control -> devops-cloud/toolguard-daemon-control
MOVED: finance-data-services/data-structure -> data-analytics/data-structure
MOVED: finance-data-services/db-query -> devops-cloud/db-query
MOVED: finance-data-services/edinet-mcp -> finance-markets/edinet-mcp
MOVED: finance-data-services/japanfinance-agent -> finance-markets/japanfinance-agent
MOVED: finance-data-services/jquants-mcp -> finance-markets/jquants-mcp
MOVED: finance-data-services/ned-analytics -> data-analytics/ned-analytics
MOVED: finance-data-services/s2s-forecasting-expert -> finance-markets/s2s-forecasting-expert
MOVED: finance-data-services/stock-price-checker -> finance-markets/stock-price-checker
MOVED: finance-data-services/tdnet-disclosure-mcp -> finance-markets/tdnet-disclosure-mcp
MOVED: hardware-iot/ardupilot -> smart-home-iot/ardupilot
MOVED: hardware-iot/claw-mouse -> smart-home-iot/claw-mouse
MOVED: hardware-iot/fox-lights -> smart-home-iot/fox-lights
MOVED: hardware-iot/mijia -> smart-home-iot/mijia
MOVED: hardware-iot/molt-mouse -> smart-home-iot/molt-mouse
MOVED: hardware-iot/nano-banana-korean-rendering -> smart-home-iot/nano-banana-korean-rendering
MOVED: hardware-iot/screen-monitor -> smart-home-iot/screen-monitor
MOVED: information-research/afrexai-competitor-monitor -> knowledge-research/afrexai-competitor-monitor
MOVED: information-research/airbnb -> travel-transport/airbnb
MOVED: information-research/arxiv-paper-reviews -> knowledge-research/arxiv-paper-reviews
MOVED: information-research/arxiv-watcher -> knowledge-research/arxiv-watcher
MOVED: information-research/arxiv-watcher-vigo -> knowledge-research/arxiv-watcher-vigo
MOVED: information-research/baidu-baike -> knowledge-research/baidu-baike
MOVED: information-research/baidu-baike-search -> knowledge-research/baidu-baike-search
MOVED: information-research/baidu-milan-winter-olympics-2026 -> knowledge-research/baidu-milan-winter-olympics-2026
MOVED: information-research/bbc-news -> knowledge-research/bbc-news
MOVED: information-research/birdnet -> knowledge-research/birdnet
MOVED: information-research/blog-writer -> content-publishing/blog-writer
MOVED: information-research/catalog -> agent-core/catalog
MOVED: information-research/ceorater -> finance-markets/ceorater
MOVED: information-research/dash-cog -> data-analytics/dash-cog
MOVED: information-research/dellight-cro-revenue-ops -> data-analytics/dellight-cro-revenue-ops
MOVED: information-research/fomo-research-skill -> knowledge-research/fomo-research-skill
MOVED: information-research/geepers-corpus -> knowledge-research/geepers-corpus
MOVED: information-research/geo-ip -> knowledge-research/geo-ip
MOVED: information-research/gousto -> knowledge-research/gousto
MOVED: information-research/idealista-cli -> knowledge-research/idealista-cli
MOVED: information-research/ironclaw-lead-enrichment -> communication-messaging/ironclaw-lead-enrichment
MOVED: information-research/ironclaw-pipeline-analytics -> data-analytics/ironclaw-pipeline-analytics
MOVED: information-research/japan-news-mcp -> finance-markets/japan-news-mcp
MOVED: information-research/jtbd-analyzer -> knowledge-research/jtbd-analyzer
MOVED: information-research/jwdiario -> knowledge-research/jwdiario
MOVED: information-research/k-cinema-bridge -> knowledge-research/k-cinema-bridge
MOVED: information-research/ket -> knowledge-research/ket
MOVED: information-research/kimi-usage-monitor -> knowledge-research/kimi-usage-monitor
MOVED: information-research/kradleverse-act -> knowledge-research/kradleverse-act
MOVED: information-research/kradleverse-join -> knowledge-research/kradleverse-join
MOVED: information-research/kradleverse-observe -> knowledge-research/kradleverse-observe
MOVED: information-research/localrank-agent-skills -> content-publishing/localrank-agent-skills
MOVED: information-research/location-context -> knowledge-research/location-context
MOVED: information-research/nostr-plantr -> knowledge-research/nostr-plantr
MOVED: information-research/observe -> knowledge-research/observe
MOVED: information-research/product-research -> communication-messaging/product-research
MOVED: information-research/proxy-balance -> knowledge-research/proxy-balance
MOVED: information-research/qweather -> knowledge-research/qweather
MOVED: information-research/revenuecat -> finance-markets/revenuecat
MOVED: information-research/slashbot-news -> knowledge-research/slashbot-news
MOVED: information-research/sr1 -> knowledge-research/sr1
MOVED: information-research/tidbyt-status -> data-analytics/tidbyt-status
MOVED: information-research/tnbc-research-swarm -> agent-orchestration/tnbc-research-swarm
MOVED: information-research/wilma-triage -> communication-messaging/wilma-triage
MOVED: information-research/zoomin-scraper-recklessop -> browser-automation/zoomin-scraper-recklessop
MOVED: integrations-apis/autotask-mcp -> devops-cloud/autotask-mcp
MOVED: integrations-apis/clawdhub-1-0-0 -> integrations-connectors/clawdhub-1-0-0
MOVED: integrations-apis/clawdhub-copy -> integrations-connectors/clawdhub-copy
MOVED: integrations-apis/clawhub-6yr3b -> integrations-connectors/clawhub-6yr3b
MOVED: integrations-apis/clawingtrap -> games-entertainment/clawingtrap
MOVED: integrations-apis/coding-agent-user-rules -> developer-tools/coding-agent-user-rules
MOVED: integrations-apis/devtopia -> integrations-connectors/devtopia
MOVED: integrations-apis/geeksdobyte-motivation-skill -> integrations-connectors/geeksdobyte-motivation-skill
MOVED: integrations-apis/google-maps-grounding-lite-mcp -> integrations-connectors/google-maps-grounding-lite-mcp
MOVED: integrations-apis/grok-search -> search-web/grok-search
MOVED: integrations-apis/leak -> integrations-connectors/leak
MOVED: integrations-apis/moltbook-optimizer -> content-publishing/moltbook-optimizer
MOVED: integrations-apis/skill-installer -> devops-cloud/skill-installer
MOVED: integrations-apis/test-new-skill -> integrations-connectors/test-new-skill
MOVED: integrations-apis/test-simple-abc -> integrations-connectors/test-simple-abc
MOVED: integrations-apis/vassili-clawhub-cli -> integrations-connectors/vassili-clawhub-cli
MOVED: knowledge-research/beads -> agent-core/beads
MOVED: knowledge-research/intodns -> communication-messaging/intodns
MOVED: knowledge-research/mobb-vulnerabilities-fixer -> security-compliance/mobb-vulnerabilities-fixer
MOVED: knowledge-research/openviking -> agent-core/openviking
MOVED: knowledge-research/parallel-deep-research -> search-web/parallel-deep-research
MOVED: knowledge-research/searxng-local -> search-web/searxng-local
MOVED: knowledge-research/searxng-metasearch -> search-web/searxng-metasearch
MOVED: knowledge-research/searxng-self-hosted -> search-web/searxng-self-hosted
MOVED: media-content/data-viz -> data-analytics/data-viz
MOVED: media-content/instagram-reels -> media-processing/instagram-reels
MOVED: media-content/pptx-pdf-font-fix -> media-processing/pptx-pdf-font-fix
MOVED: media-content/printer -> media-processing/printer
MOVED: media-content/webpage-screenshot -> browser-automation/webpage-screenshot
MOVED: media-content/winamp -> games-entertainment/winamp
MOVED: media-content/x-trends -> content-publishing/x-trends
MOVED: media-content/youtube-shorts -> media-generation/youtube-shorts
MOVED: media-entertainment/ahmed -> games-entertainment/ahmed
MOVED: media-entertainment/anthropic-frontend-design -> developer-tools/anthropic-frontend-design
MOVED: media-entertainment/apple-media -> games-entertainment/apple-media
MOVED: media-entertainment/arr-all -> integrations-connectors/arr-all
MOVED: media-entertainment/bililidownloader -> media-processing/bililidownloader
MOVED: media-entertainment/catime -> games-entertainment/catime
MOVED: media-entertainment/chess -> games-entertainment/chess
MOVED: media-entertainment/chromecast-control -> games-entertainment/chromecast-control
MOVED: media-entertainment/claw-werewolf-live -> games-entertainment/claw-werewolf-live
MOVED: media-entertainment/clawclashapp -> games-entertainment/clawclashapp
MOVED: media-entertainment/clawos -> agent-orchestration/clawos
MOVED: media-entertainment/clawtunes -> games-entertainment/clawtunes
MOVED: media-entertainment/creative-ideator -> games-entertainment/creative-ideator
MOVED: media-entertainment/cultivation-chronicle-cn -> games-entertainment/cultivation-chronicle-cn
MOVED: media-entertainment/eachlabs-music -> media-generation/eachlabs-music
MOVED: media-entertainment/frinkiac -> games-entertainment/frinkiac
MOVED: media-entertainment/frontend-design-1-0-0 -> developer-tools/frontend-design-1-0-0
MOVED: media-entertainment/frontend-design-2 -> developer-tools/frontend-design-2
MOVED: media-entertainment/frontend-design-3 -> developer-tools/frontend-design-3
MOVED: media-entertainment/gamifyhost -> games-entertainment/gamifyhost
MOVED: media-entertainment/glowskin-promo -> content-publishing/glowskin-promo
MOVED: media-entertainment/hitchhikers-guide -> games-entertainment/hitchhikers-guide
MOVED: media-entertainment/inworld-tts -> media-generation/inworld-tts
MOVED: media-entertainment/landing-page-roast -> content-publishing/landing-page-roast
MOVED: media-entertainment/lidarr -> integrations-connectors/lidarr
MOVED: media-entertainment/lyrics-search -> media-processing/lyrics-search
MOVED: media-entertainment/molt-city -> games-entertainment/molt-city
MOVED: media-entertainment/molterstrike -> games-entertainment/molterstrike
MOVED: media-entertainment/moltmon -> games-entertainment/moltmon
MOVED: media-entertainment/podcast-generation -> media-generation/podcast-generation
MOVED: media-entertainment/product-image-generator -> media-generation/product-image-generator
MOVED: media-entertainment/reachy-mini -> smart-home-iot/reachy-mini
MOVED: media-entertainment/renderful-generation -> media-generation/renderful-generation
MOVED: media-entertainment/roast-games -> games-entertainment/roast-games
MOVED: media-entertainment/roofing-knowledge-mentor -> knowledge-research/roofing-knowledge-mentor
MOVED: media-entertainment/scrapyard -> games-entertainment/scrapyard
MOVED: media-entertainment/screenshot-capture -> media-processing/screenshot-capture
MOVED: media-entertainment/seo-content-engine -> content-publishing/seo-content-engine
MOVED: media-entertainment/skanetrafiken -> travel-transport/skanetrafiken
MOVED: media-entertainment/sonos -> games-entertainment/sonos
MOVED: media-entertainment/speedtest -> developer-tools/speedtest
MOVED: media-entertainment/spongo -> games-entertainment/spongo
MOVED: media-entertainment/spotify -> games-entertainment/spotify
MOVED: media-entertainment/stremio-cast -> games-entertainment/stremio-cast
MOVED: media-entertainment/tiktok-product-promotion -> content-publishing/tiktok-product-promotion
MOVED: media-entertainment/trackyard -> games-entertainment/trackyard
MOVED: media-entertainment/vap-media -> media-generation/vap-media
MOVED: media-entertainment/vap-multimedia-generation -> media-generation/vap-multimedia-generation
MOVED: media-entertainment/vector-robot -> smart-home-iot/vector-robot
MOVED: media-entertainment/vehicle-tracker -> productivity-personal/vehicle-tracker
MOVED: media-entertainment/video-watcher -> media-processing/video-watcher
MOVED: media-entertainment/whispers-from-the-star -> games-entertainment/whispers-from-the-star
MOVED: media-entertainment/wiim -> games-entertainment/wiim
MOVED: media-entertainment/wishfinity -> business-operations/wishfinity
MOVED: media-entertainment/wps-punchclock -> productivity-personal/wps-punchclock
MOVED: media-entertainment/youtube-scrapper -> media-processing/youtube-scrapper
MOVED: media-processing/avatar-video-messages -> communication-messaging/avatar-video-messages
MOVED: media-processing/docling -> search-web/docling
MOVED: media-processing/eachlabs-image-edit -> media-generation/eachlabs-image-edit
MOVED: media-processing/espeak-ng -> media-generation/espeak-ng
MOVED: media-processing/gemini-image-proxy -> media-generation/gemini-image-proxy
MOVED: media-processing/homepod-tts -> media-generation/homepod-tts
MOVED: media-processing/instagram-reel-downloader-whatsapp -> communication-messaging/instagram-reel-downloader-whatsapp
MOVED: media-processing/local-vosk -> communication-messaging/local-vosk
MOVED: media-processing/masonry-generate-image-and-video -> media-generation/masonry-generate-image-and-video
MOVED: media-processing/nano-banana-pro-image-gen -> media-generation/nano-banana-pro-image-gen
MOVED: media-processing/nanobanana-pro-fallback -> media-generation/nanobanana-pro-fallback
MOVED: media-processing/openclaw-qr-code -> communication-messaging/openclaw-qr-code
MOVED: media-processing/qr-code -> media-generation/qr-code
MOVED: media-processing/qr-code-intelligence -> media-generation/qr-code-intelligence
MOVED: media-processing/qr-code-pro -> media-generation/qr-code-pro
MOVED: media-processing/sapi-tts -> media-generation/sapi-tts
MOVED: media-processing/seedance-guide -> media-generation/seedance-guide
MOVED: media-processing/seeddance-ai-video -> media-generation/seeddance-ai-video
MOVED: media-processing/svg-draw -> media-generation/svg-draw
MOVED: media-processing/telegram-voice-to-voice-macos -> communication-messaging/telegram-voice-to-voice-macos
MOVED: media-processing/tiangong-notebooklm-cli -> communication-messaging/tiangong-notebooklm-cli
MOVED: media-processing/veo -> media-generation/veo
MOVED: media-processing/veo-video-generator -> media-generation/veo-video-generator
MOVED: media-processing/youtube-voice-summarizer-elevenlabs -> media-generation/youtube-voice-summarizer-elevenlabs
MOVED: media_content/.ruff_cache -> media-processing/.ruff_cache
MOVED: mobile-design/android-adb -> developer-tools/android-adb
MOVED: mobile-design/apple-hig -> developer-tools/apple-hig
MOVED: mobile-design/asc-release-flow -> travel-transport/asc-release-flow
MOVED: mobile-design/axe-devtools -> developer-tools/axe-devtools
MOVED: mobile-design/fivem-dev -> devops-cloud/fivem-dev
MOVED: mobile-design/godot-dev-guide -> developer-tools/godot-dev-guide
MOVED: mobile-design/guicountrol -> browser-automation/guicountrol
MOVED: mobile-design/hidpi-mouse -> developer-tools/hidpi-mouse
MOVED: mobile-design/ios-view-generator -> developer-tools/ios-view-generator
MOVED: mobile-design/lb-motion-skill -> developer-tools/lb-motion-skill
MOVED: mobile-design/lb-shadcn-ui-skill -> data-analytics/lb-shadcn-ui-skill
MOVED: mobile-design/raycast -> knowledge-research/raycast
MOVED: mobile-design/react-native-update -> devops-cloud/react-native-update
MOVED: mobile-design/remix-api-key-auth -> developer-tools/remix-api-key-auth
MOVED: mobile-design/symbolpicker -> developer-tools/symbolpicker
MOVED: productivity-automation/anki-connect -> productivity-personal/anki-connect
MOVED: productivity-automation/arya-reminders -> productivity-personal/arya-reminders
MOVED: productivity-automation/caldav-calendar-1-0-1 -> productivity-personal/caldav-calendar-1-0-1
MOVED: productivity-automation/calendar -> productivity-personal/calendar
MOVED: productivity-automation/cron-retry -> devops-cloud/cron-retry
MOVED: productivity-automation/health-sync -> productivity-personal/health-sync
MOVED: productivity-automation/healthcheck -> knowledge-research/healthcheck
MOVED: productivity-automation/intermittent-fasting-skill -> communication-messaging/intermittent-fasting-skill
MOVED: productivity-automation/joan-workflow -> productivity-personal/joan-workflow
MOVED: productivity-automation/lore -> knowledge-research/lore
MOVED: productivity-automation/memory -> agent-core/memory
MOVED: productivity-automation/memory-complete -> agent-core/memory-complete
MOVED: productivity-automation/memory-maintenance -> agent-core/memory-maintenance
MOVED: productivity-automation/mentx-doctor -> productivity-personal/mentx-doctor
MOVED: productivity-automation/open-ralph -> developer-tools/open-ralph
MOVED: productivity-automation/remember-me -> productivity-personal/remember-me
MOVED: productivity-automation/staratheris-arya-reminders -> productivity-personal/staratheris-arya-reminders
MOVED: productivity-automation/task-scheduler -> communication-messaging/task-scheduler
MOVED: productivity-automation/water-coach -> data-analytics/water-coach
MOVED: productivity-task-management/birthday-reminder -> agent-core/birthday-reminder
MOVED: productivity-task-management/calctl -> agent-core/calctl
MOVED: productivity-task-management/clawkeeper -> agent-core/clawkeeper
MOVED: productivity-task-management/clawpm -> agent-core/clawpm
MOVED: productivity-task-management/family-todo-management -> agent-core/family-todo-management
MOVED: productivity-task-management/nag -> agent-core/nag
MOVED: productivity-task-management/telegram-todolist -> agent-core/telegram-todolist
MOVED: productivity-task-management/timecamp -> agent-core/timecamp
MOVED: productivity-task-management/todoist-rs -> agent-core/todoist-rs
MOVED: productivity-task-management/todoist-td -> agent-core/todoist-td
MOVED: productivity-tools/ai-interview-simulator-candaigo -> productivity-personal/ai-interview-simulator-candaigo
MOVED: productivity-tools/airshelf -> business-operations/airshelf
MOVED: productivity-tools/amap -> productivity-personal/amap
MOVED: productivity-tools/argos-product-research -> knowledge-research/argos-product-research
MOVED: productivity-tools/bring-shopping -> communication-messaging/bring-shopping
MOVED: productivity-tools/code-docs-generator -> productivity-personal/code-docs-generator
MOVED: productivity-tools/dupe -> productivity-personal/dupe
MOVED: productivity-tools/fill-content-by-mixlab -> productivity-personal/fill-content-by-mixlab
MOVED: productivity-tools/flightclaw -> travel-transport/flightclaw
MOVED: productivity-tools/futa-tracker -> travel-transport/futa-tracker
MOVED: productivity-tools/get-weather -> knowledge-research/get-weather
MOVED: productivity-tools/gold-price-mcp -> productivity-personal/gold-price-mcp
MOVED: productivity-tools/irish-takeaway -> browser-automation/irish-takeaway
MOVED: productivity-tools/mal-lookup -> productivity-personal/mal-lookup
MOVED: productivity-tools/navifare-hidden-flight-deals -> travel-transport/navifare-hidden-flight-deals
MOVED: productivity-tools/nlb -> productivity-personal/nlb
MOVED: productivity-tools/openclaw-reportstudio-community -> media-processing/openclaw-reportstudio-community
MOVED: productivity-tools/rankaj -> knowledge-research/rankaj
MOVED: productivity-tools/rea-search -> travel-transport/rea-search
MOVED: productivity-tools/report-generator -> data-analytics/report-generator
MOVED: productivity-tools/rv-measure -> productivity-personal/rv-measure
MOVED: productivity-tools/strava-python -> productivity-personal/strava-python
MOVED: productivity-tools/trash-audit -> productivity-personal/trash-audit
MOVED: productivity-tools/vnsh -> productivity-personal/vnsh
MOVED: productivity-tools/website-builder -> business-operations/website-builder
MOVED: productivity/adhd-daily-planner -> productivity-personal/adhd-daily-planner
MOVED: productivity/ai-meeting-room -> developer-tools/ai-meeting-room
MOVED: productivity/asdasd -> integrations-connectors/asdasd
MOVED: productivity/banshee-s-last-cry -> games-entertainment/banshee-s-last-cry
MOVED: productivity/better-notion -> productivity-personal/better-notion
MOVED: productivity/bring -> productivity-personal/bring
MOVED: productivity/calendar-reminders -> productivity-personal/calendar-reminders
MOVED: productivity/case-record-socialwork -> productivity-personal/case-record-socialwork
MOVED: productivity/cognary-ai-tasks -> agent-core/cognary-ai-tasks
MOVED: productivity/confirm-form -> developer-tools/confirm-form
MOVED: productivity/craft -> agent-core/craft
MOVED: productivity/create-videoconference -> communication-messaging/create-videoconference
MOVED: productivity/d4-world-boss -> productivity-personal/d4-world-boss
MOVED: productivity/dev-chronicle -> media-processing/dev-chronicle
MOVED: productivity/focus-mode -> agent-core/focus-mode
MOVED: productivity/freedcamp-agent-skill -> productivity-personal/freedcamp-agent-skill
MOVED: productivity/gamification-xp -> productivity-personal/gamification-xp
MOVED: productivity/get-focus-mode -> productivity-personal/get-focus-mode
MOVED: productivity/grazy -> productivity-personal/grazy
MOVED: productivity/knowledge-graph -> agent-core/knowledge-graph
MOVED: productivity/makeovern -> productivity-personal/makeovern
MOVED: productivity/meetup-planner -> productivity-personal/meetup-planner
MOVED: productivity/no-nonsense-tasks -> agent-core/no-nonsense-tasks
MOVED: productivity/notectl -> productivity-personal/notectl
MOVED: productivity/notion-clipper-skill -> productivity-personal/notion-clipper-skill
MOVED: productivity/pandic-office -> media-processing/pandic-office
MOVED: productivity/pear-apple -> productivity-personal/pear-apple
MOVED: productivity/pear-icloud -> productivity-personal/pear-icloud
MOVED: productivity/personal-ideas -> communication-messaging/personal-ideas
MOVED: productivity/personal-love -> communication-messaging/personal-love
MOVED: productivity/personal-notes -> communication-messaging/personal-notes
MOVED: productivity/personal-travel -> travel-transport/personal-travel
MOVED: productivity/planka -> productivity-personal/planka
MOVED: productivity/planka-cli -> productivity-personal/planka-cli
MOVED: productivity/political-struggle -> knowledge-research/political-struggle
MOVED: productivity/pomodoro-bot -> productivity-personal/pomodoro-bot
MOVED: productivity/pref0 -> productivity-personal/pref0
MOVED: productivity/probar -> communication-messaging/probar
MOVED: productivity/supervisor-proposer -> productivity-personal/supervisor-proposer
MOVED: productivity/timely -> productivity-personal/timely
MOVED: productivity/timer -> productivity-personal/timer
MOVED: productivity/truetime -> productivity-personal/truetime
MOVED: productivity/variflight-aviation -> travel-transport/variflight-aviation
MOVED: productivity/whispers-from-the-star-cn -> games-entertainment/whispers-from-the-star-cn
MOVED: productivity/writing-plans-2 -> productivity-personal/writing-plans-2
MOVED: productivity/xuezh -> developer-tools/xuezh
MOVED: productivity/yoebao-bazi -> finance-markets/yoebao-bazi
MOVED: productivity/yoebao-yao -> finance-markets/yoebao-yao
MOVED: system-developer-tools/async-web-search -> search-web/async-web-search
MOVED: system-developer-tools/clawctl -> agent-orchestration/clawctl
MOVED: system-developer-tools/clawion -> agent-orchestration/clawion
MOVED: system-developer-tools/moltbook-validator -> developer-tools/moltbook-validator
MOVED: system-developer-tools/moltworld-dashboard-deploy -> devops-cloud/moltworld-dashboard-deploy
MOVED: system-developer-tools/ns-trains -> travel-transport/ns-trains
MOVED: system-developer-tools/railil -> travel-transport/railil
MOVED: system-developer-tools/server-monitor -> devops-cloud/server-monitor
MOVED: system-developer-tools/skill-railil -> travel-transport/skill-railil
MOVED: system-developer-tools/system-monitor -> devops-cloud/system-monitor
MOVED: system-developer-tools/wiz-light-control -> smart-home-iot/wiz-light-control
MOVED: trustskill/.pytest_cache -> security-compliance/.pytest_cache
MOVED: trustskill/references -> security-compliance/references
MOVED: trustskill/scripts -> security-compliance/scripts
MOVED: trustskill/security_categories -> security-compliance/security_categories
MOVED: trustskill/security_scan_results -> security-compliance/security_scan_results
MOVED: trustskill/src -> security-compliance/src
MOVED: trustskill/tests -> security-compliance/tests
MOVED: utilities/aholake-expense-tracker -> productivity-personal/aholake-expense-tracker
MOVED: utilities/al-khanjry-bus -> communication-messaging/al-khanjry-bus
MOVED: utilities/applicant-screening -> productivity-personal/applicant-screening
MOVED: utilities/beijing-tech-finance -> finance-markets/beijing-tech-finance
MOVED: utilities/calorie-counter -> productivity-personal/calorie-counter
MOVED: utilities/carddav-contacts -> productivity-personal/carddav-contacts
MOVED: utilities/clawd-presence -> agent-core/clawd-presence
MOVED: utilities/clawdbot-skill-voice-wake-say -> media-processing/clawdbot-skill-voice-wake-say
MOVED: utilities/code-task-generator -> developer-tools/code-task-generator
MOVED: utilities/email-best-practices -> communication-messaging/email-best-practices
MOVED: utilities/envios -> productivity-personal/envios
MOVED: utilities/expense-tracker -> productivity-personal/expense-tracker
MOVED: utilities/file-organizer -> developer-tools/file-organizer
MOVED: utilities/fortune-oracle -> finance-markets/fortune-oracle
MOVED: utilities/gogcli -> communication-messaging/gogcli
MOVED: utilities/half-full -> productivity-personal/half-full
MOVED: utilities/healthy-eating -> productivity-personal/healthy-eating
MOVED: utilities/icloud-findmy -> productivity-personal/icloud-findmy
MOVED: utilities/jaen -> developer-tools/jaen
MOVED: utilities/lofy-career -> communication-messaging/lofy-career
MOVED: utilities/lofy-fitness -> data-analytics/lofy-fitness
MOVED: utilities/mindfulness-meditation -> productivity-personal/mindfulness-meditation
MOVED: utilities/norman-categorize-transactions -> finance-markets/norman-categorize-transactions
MOVED: utilities/penguin-pet -> productivity-personal/penguin-pet
MOVED: utilities/personal-finance -> productivity-personal/personal-finance
MOVED: utilities/pocketsmith -> finance-markets/pocketsmith
MOVED: utilities/pocketsmith-skill -> finance-markets/pocketsmith-skill
MOVED: utilities/rescuetime -> data-analytics/rescuetime
MOVED: utilities/snipit -> developer-tools/snipit
MOVED: utilities/solo-cli -> finance-markets/solo-cli
MOVED: utilities/test-wa -> communication-messaging/test-wa
MOVED: utilities/vocabulary-builder -> productivity-personal/vocabulary-builder
MOVED: utilities/voice-wake-say -> media-processing/voice-wake-say
MOVED: utilities/voicenotes-official -> media-processing/voicenotes-official
MOVED: utilities/whatsapp-local-endpoints-router -> communication-messaging/whatsapp-local-endpoints-router
MOVED: utilities/zenplus-health -> productivity-personal/zenplus-health
MOVED: web-communication-tools/agent-browser-clawdbot-bak-2026-01-28t18-01-09-10-30 -> browser-automation/agent-browser-clawdbot-bak-2026-01-28t18-01-09-10-30
MOVED: web-communication-tools/airc -> communication-messaging/airc
MOVED: web-communication-tools/clawatar -> media-generation/clawatar
MOVED: web-communication-tools/dc-weather -> knowledge-research/dc-weather
MOVED: web-communication-tools/happy-hues -> developer-tools/happy-hues
MOVED: web-communication-tools/radarr -> integrations-connectors/radarr
MOVED: web-communication-tools/sonarr -> integrations-connectors/sonarr
MOVED: web-communication-tools/spacex -> knowledge-research/spacex
MOVED: web-communication-tools/spots -> search-web/spots
MOVED: web-communication-tools/system-resource-monitor -> devops-cloud/system-resource-monitor
MOVED: web-communication-tools/tg-miniapp -> developer-tools/tg-miniapp
MOVED: web-communication-tools/tg-smart-cta -> communication-messaging/tg-smart-cta
MOVED: web-communication-tools/volcengine-web-search -> search-web/volcengine-web-search
MOVED: web-communication-tools/weather-open-meteo -> knowledge-research/weather-open-meteo
MOVED: web-communication-tools/yutori-web-research -> search-web/yutori-web-research
MOVED: web-search/arxiv -> knowledge-research/arxiv
MOVED: web-search/browser-use-api -> search-web/browser-use-api
MOVED: web-search/ddg-search -> search-web/ddg-search
MOVED: web-search/deepwiki -> search-web/deepwiki
MOVED: web-search/flaresolverr -> search-web/flaresolverr
MOVED: web-search/google-web-search -> search-web/google-web-search
MOVED: web-search/harpa-ai -> search-web/harpa-ai
MOVED: web-search/metaso-search-v2 -> search-web/metaso-search-v2
MOVED: web-search/n2-free-search -> search-web/n2-free-search
MOVED: web-search/parallel-extract -> search-web/parallel-extract
MOVED: web-search/parallel-search -> search-web/parallel-search
MOVED: web-search/pcap-analyzer -> security-compliance/pcap-analyzer
MOVED: web-search/readeck -> search-web/readeck
MOVED: web-search/serper-v -> search-web/serper-v
MOVED: web-search/snaprender -> search-web/snaprender
MOVED: web-search/super-websearch-realtime -> search-web/super-websearch-realtime
MOVED: web-search/tavily-search -> search-web/tavily-search
MOVED: web-search/tavily-search-1-0-0 -> search-web/tavily-search-1-0-0
MOVED: web-services/camino-travel-planner -> travel-transport/camino-travel-planner
MOVED: web-services/canvs -> developer-tools/canvs
MOVED: web-services/clawmart-browse -> integrations-connectors/clawmart-browse
MOVED: web-services/cobraclaw -> games-entertainment/cobraclaw
MOVED: web-services/cold-email-personalization -> content-publishing/cold-email-personalization
MOVED: web-services/google-flights -> travel-transport/google-flights
MOVED: web-services/google-maps-leadgen-skill -> communication-messaging/google-maps-leadgen-skill
MOVED: web-services/hevy-workouts -> productivity-personal/hevy-workouts
MOVED: web-services/investment-advisor -> finance-markets/investment-advisor
MOVED: web-services/letterboxd-tracker -> games-entertainment/letterboxd-tracker
MOVED: web-services/mcporter-railway-query -> travel-transport/mcporter-railway-query
MOVED: web-services/mcporter-railway-query-repo -> travel-transport/mcporter-railway-query-repo
MOVED: web-services/moltbook-interact -> content-publishing/moltbook-interact
MOVED: web-services/moltsci -> knowledge-research/moltsci
MOVED: web-services/momentspost -> content-publishing/momentspost
MOVED: web-services/nostr-nak -> integrations-connectors/nostr-nak
MOVED: web-services/pepsi-or-coke-mcp -> games-entertainment/pepsi-or-coke-mcp
MOVED: web-services/pi-health -> smart-home-iot/pi-health
MOVED: web-services/plsreadme -> content-publishing/plsreadme
MOVED: web-services/primattography-color-science -> developer-tools/primattography-color-science
MOVED: web-services/productboard-release -> business-operations/productboard-release
MOVED: web-services/skiplagged-flights -> travel-transport/skiplagged-flights
MOVED: web-services/sure -> finance-markets/sure
MOVED: web-services/tenzing-moltbook -> content-publishing/tenzing-moltbook
MOVED: web-services/tg-checkin -> communication-messaging/tg-checkin
MOVED: web-services/travel-manager -> travel-transport/travel-manager
MOVED: web-services/trein -> travel-transport/trein
MOVED: web-services/twinfold -> content-publishing/twinfold
MOVED: web-services/upnote -> productivity-personal/upnote
MOVED: web-services/veadk-skills -> integrations-connectors/veadk-skills
MOVED: web-services/wilma -> integrations-connectors/wilma
MOVED: web-services/wpclaw-lite -> business-operations/wpclaw-lite
MOVED: web-services/wyoming-clawdbot -> smart-home-iot/wyoming-clawdbot
Moved: 726 | Skipped: 72 | Not found: 1 | Removed dirs: 33
